{
    "skins": [
        {
            "name": "player",
            "displayName": "Default",
            "url": "/assets/images/player.png",
            "price": 0,
            "description": "The default skin"
        },
        {
            "name": "sandcastle",
            "displayName": "Sandcastle",
            "url": "/assets/images/sandcastlePlayer.png",
            "price": 0,
            "description": "The strength of a million grains of sand",
            "original": 5000000
        },
        {
            "name": "yinyang",
            "displayName": "Yin Yang",
            "url": "/assets/images/yinyangPlayer.png",
            "price": 50,
            "description": "Find a balance"
        },
        {
            "name": "neon",
            "displayName": "Neon",
            "url": "/assets/images/neonPlayer.png",
            "price": 100,
            "description": "Ahhh.. So bright!"
        },
        {
            "name": "sponge",
            "displayName": "Sponge",
            "url": "/assets/images/spongePlayer.png",
            "price": 250,
            "description": "Soaks up coins"
        },
        {
            "name": "vortex",
            "displayName": "Vortex",
            "url": "/assets/images/vortexPlayer.png",
            "price": 200,
            "description": "The power is too strong.."
        },
        {
            "name": "bubble",
            "displayName": "Bubble",
            "url": "/assets/images/bubblePlayer.png",
            "price": 300,
            "description": "Magical, colorful, mysterious"
        },
        {
            "name": "bullseye",
            "displayName": "Bullseye",
            "url": "/assets/images/bullseyePlayer.png",
            "price": 400,
            "description": "It can't miss"
        },
        {
            "name": "fox",
            "displayName": "Fox",
            "url": "/assets/images/foxPlayer.png",
            "price": 500,
            "description": "Very sneaky"
        },
        {
            "name": "peppermint",
            "displayName": "Peppermint",
            "url": "/assets/images/peppermintPlayer.png",
            "price": 600,
            "description": "Tastes like coins"
        },
        {
            "name": "spring",
            "displayName": "Spring",
            "url": "/assets/images/springPlayer.png",
            "price": 1000,
            "description": "Spring is here!"
        },
        {
            "name": "pig",
            "displayName": "Pig",
            "url": "/assets/images/pigPlayer.png",
            "price": 1250,
            "description": "It managed to survive the wolf..."
        },
        {
            "name": "smile",
            "displayName": "Smile",
            "url": "/assets/images/smilePlayer.png",
            "price": 1500,
            "description": "Smile while you stab"
        },
        {
            "name": "sad",
            "displayName": "Sad",
            "url": "/assets/images/sadPlayer.png",
            "price": 2000,
            "description": "Stab with sadness..."
        },
        {
            "name": "glass",
            "displayName": "Glass",
            "url": "/assets/images/glassPlayer.png",
            "price": 2250,
            "description": "Why have gold when you can have glass?"
        },
        {
            "name": "sick",
            "displayName": "Sick",
            "url": "/assets/images/sickPlayer.png",
            "price": 2500,
            "description": "I don't feel so good... I need coins"
        },
        {
            "name": "clef",
            "displayName": "Bass",
            "url": "/assets/images/clefPlayer.png",
            "price": 2750,
            "description": "Slap them with you bass"
        },
        {
            "name": "bowling",
            "displayName": "Bowling",
            "url": "/assets/images/bowlingPlayer.png",
            "price": 3500,
            "description": "It can knock people over like a pin"
        },
        {
            "name": "hacker",
            "displayName": "Hacker",
            "url": "/assets/images/hackerPlayer.png",
            "price": 5000,
            "description": "ℙ𝕣𝕠 𝕙𝕒𝕔𝕜𝕖𝕣"
        },
        {
            "name": "red",
            "displayName": "Red",
            "url": "/assets/images/redPlayer.png",
            "price": 5000,
            "description": "Its a better default"
        },
        {
            "name": "frager201",
            "displayName": "Frager",
            "url": "/assets/images/frager201Player.png",
            "price": 6000,
            "description": "Frag your way through"
        },
        {
            "name": "bread",
            "displayName": "Bread",
            "url": "/assets/images/breadPlayer.png",
            "price": 7500,
            "description": "Fresh, and tasty!"
        },
        {
            "name": "starrynight",
            "displayName": "Starry Night",
            "url": "/assets/images/starrynightPlayer.png",
            "price": 9000,
            "description": "A nice sight before a kill"
        },
        {
            "name": "cursed",
            "displayName": "Cursde",
            "url": "/assets/images/cursedPlayer.png",
            "price": 9500,
            "description": "Curse them to your advantage"
        },
        {
            "name": "chef",
            "displayName": "Chef",
            "url": "/assets/images/chefPlayer.png",
            "price": 10000,
            "description": "Chop 'em up"
        },
        {
            "name": "rainbow",
            "displayName": "Rainbow",
            "url": "/assets/images/rainbowPlayer.png",
            "price": 10500,
            "description": "Its bright and colorful"
        },
        {
            "name": "meelee",
            "displayName": "Melee",
            "url": "/assets/images/meeleePlayer.png",
            "price": 11000,
            "description": "Charge in headfirst"
        },
        {
            "name": "radiation",
            "displayName": "Radiation",
            "url": "/assets/images/radiationPlayer.png",
            "price": 12500,
            "description": "Very Toxic..."
        },
        {
            "name": "pizza",
            "displayName": "Pizza",
            "url": "/assets/images/pizzaPlayer.png",
            "price": 14000,
            "description": "A treat for a kill"
        },
        {
            "name": "painting",
            "displayName": "Painting",
            "url": "/assets/images/paintingPlayer.png",
            "price": 14500,
            "description": "Paint your coins"
        },
        {
            "name": "astronaut",
            "displayName": "Astronaut",
            "url": "/assets/images/astronautPlayer.png",
            "price": 15000,
            "description": "No gravity..."
        },
        {
            "name": "matrix",
            "displayName": "Matrix",
            "url": "/assets/images/matrixPlayer.png",
            "price": 17500,
            "description": "Matrix: Its a mystery"
        },
        {
            "name": "smokedetector",
            "displayName": "Smoke Detector",
            "url": "/assets/images/smokedetectorPlayer.png",
            "price": 17500,
            "description": "BEEP BEEP, scare your enemies"
        },
        {
            "name": "student",
            "displayName": "Student",
            "url": "/assets/images/studentPlayer.png",
            "price": 20000,
            "description": "Study the arts of stabbing..."
        },
        {
            "name": "axolotl",
            "displayName": "Axolotl",
            "url": "/assets/images/axolotlPlayer.png",
            "price": 20000,
            "description": "Just swimming around"
        },
        {
            "name": "ninja",
            "displayName": "Ninja",
            "url": "/assets/images/ninjaPlayer.png",
            "price": 20000,
            "description": "A skilled warrior"
        },
        {
            "name": "viking",
            "displayName": "Viking",
            "url": "/assets/images/vikingPlayer.png",
            "price": 22500,
            "description": "A fearsome warrior"
        },
        {
            "name": "sea",
            "displayName": "Sea",
            "url": "/assets/images/seaPlayer.png",
            "price": 25000,
            "description": "Peaceful and relaxing."
        },
        {
            "name": "flame",
            "displayName": "Flame",
            "url": "/assets/images/flamePlayer.png",
            "price": 25000,
            "description": "Dont like it? Set it ablaze"
        },
        {
            "name": "determined",
            "displayName": "Determined",
            "url": "/assets/images/determinedPlayer.png",
            "price": 27500,
            "description": "I. Need. Coins."
        },
        {
            "name": "tiger",
            "displayName": "Tiger",
            "url": "/assets/images/tigerPlayer.png",
            "price": 30000,
            "description": "Don't get in the way of its claws..."
        },
        {
            "name": "frumpythefrog",
            "displayName": "Frumpy the Frog",
            "url": "/assets/images/frumpythefrogPlayer.png",
            "price": 30000,
            "description": "A frog named Frumpy"
        },
        {
            "name": "vinyl",
            "displayName": "Vinyl",
            "url": "/assets/images/vinylPlayer.png",
            "price": 31000,
            "description": "Go old fashioned"
        },
        {
            "name": "asteroid",
            "displayName": "Asteroid",
            "url": "/assets/images/asteroidPlayer.png",
            "price": 32500,
            "description": "Be the destruction"
        },
        {
            "name": "lightning",
            "displayName": "Lightning",
            "url": "/assets/images/lightningPlayer.png",
            "price": 35000,
            "description": "One zap and you're dead..."
        },
        {
            "name": "smore",
            "displayName": "Smore",
            "url": "/assets/images/smorePlayer.png",
            "price": 37500,
            "description": "Delicious"
        },
        {
            "name": "mystery",
            "displayName": "Mystery",
            "url": "/assets/images/mysteryPlayer.png",
            "price": 40000,
            "description": "Its a murder mystery..."
        },
        {
            "name": "dayandnight",
            "displayName": "Day and Night",
            "url": "/assets/images/dayandnightPlayer.png",
            "price": 42500,
            "description": "Show your dedication no matter what time..."
        },
        {
            "name": "cheese",
            "displayName": "Cheese",
            "url": "/assets/images/cheesePlayer.png",
            "price": 45000,
            "description": "Its cheese"
        },
        {
            "name": "farmer",
            "displayName": "Farmer",
            "url": "/assets/images/farmerPlayer.png",
            "price": 47500,
            "description": "Trained in the fields"
        },
        {
            "name": "medic",
            "displayName": "Medic",
            "url": "/assets/images/medicPlayer.png",
            "price": 50000,
            "description": "Heal.. or Stab..."
        },
        {
            "name": "floral",
            "displayName": "Floral",
            "url": "/assets/images/floralPlayer.png",
            "price": 52500,
            "description": "Smells good like coins"
        },
        {
            "name": "king",
            "displayName": "King",
            "url": "/assets/images/kingPlayer.png",
            "price": 50000,
            "description": "All hail the king"
        },
        {
            "name": "xray",
            "displayName": "X-Ray",
            "url": "/assets/images/xrayPlayer.png",
            "price": 50000,
            "description": "Stare into your enemies soul"
        },
        {
            "name": "monkey",
            "displayName": "Monkey",
            "url": "/assets/images/monkeyPlayer.png",
            "price": 51000,
            "description": "Le Monke"
        },
        {
            "name": "pumpkin",
            "displayName": "Pumpkin",
            "url": "/assets/images/pumpkinPlayer.png",
            "price": 52500,
            "description": "Very spooky..."
        },
        {
            "name": "santa",
            "displayName": "Santa",
            "url": "/assets/images/santaPlayer.png",
            "price": 53000,
            "description": "Ho ho ho"
        },
        {
            "name": "superhero",
            "displayName": "Superhero",
            "url": "/assets/images/superheroPlayer.png",
            "price": 55000,
            "description": "Super skills for a super player"
        },
        {
            "name": "movie",
            "displayName": "Movie",
            "url": "/assets/images/moviePlayer.png",
            "price": 57500,
            "description": "Eat coins like popcorn"
        },
        {
            "name": "killerbot",
            "displayName": "Killer Bot",
            "url": "/assets/images/killerbotPlayer.png",
            "price": 60000,
            "description": "Makes your opponents wish they were fighting an actual bot"
        },
        {
            "name": "comic",
            "displayName": "Comic",
            "url": "/assets/images/comicPlayer.png",
            "price": 60000,
            "description": "Be like the villain"
        },
        {
            "name": "masquerade",
            "displayName": "Masquerade",
            "url": "/assets/images/masqueradePlayer.png",
            "price": 62500,
            "description": "Wear your mask, and stab in disguise"
        },
        {
            "name": "ham",
            "displayName": "Ham",
            "url": "/assets/images/hamPlayer.png",
            "price": 65000,
            "description": "Chomp"
        },
        {
            "name": "chicken",
            "displayName": "Chicken",
            "url": "/assets/images/chickenPlayer.png",
            "price": 65000,
            "description": "A snack before slaughter"
        },
        {
            "name": "dog",
            "displayName": "Dog",
            "url": "/assets/images/dogPlayer.png",
            "price": 64999,
            "description": "Dogs!"
        },
        {
            "name": "cat",
            "displayName": "Cat",
            "url": "/assets/images/catPlayer.png",
            "price": 65000,
            "description": "Cats!"
        },
        {
            "name": "wizard",
            "displayName": "Wizard",
            "url": "/assets/images/wizardPlayer.png",
            "price": 67500,
            "description": "Fight like magic"
        },
        {
            "name": "angry",
            "displayName": "Angry",
            "url": "/assets/images/angryPlayer.png",
            "price": 70000,
            "description": "Let your anger drive you..."
        },
        {
            "name": "fighter",
            "displayName": "Fighter",
            "url": "/assets/images/fighterPlayer.png",
            "price": 72500,
            "description": "Fight like a pro"
        },
        {
            "name": "soldier",
            "displayName": "Soldier",
            "url": "/assets/images/soldierPlayer.png",
            "price": 75000,
            "description": "A hardened veteran"
        },
        {
            "name": "suit",
            "displayName": "The Suit",
            "url": "/assets/images/suitPlayer.png",
            "price": 78000,
            "description": "Hide secrets under the suit"
        },
        {
            "name": "cardboard",
            "displayName": "Cardboard",
            "url": "/assets/images/cardboardPlayer.png",
            "price": 80000,
            "description": "Pacakge and keep your coins safe"
        },
        {
            "name": "cactus",
            "displayName": "Cactus",
            "url": "/assets/images/cactusPlayer.png",
            "price": 90000,
            "description": "Adds an extra poke to your stab"
        },
        {
            "name": "baseball",
            "displayName": "Baseball",
            "url": "/assets/images/baseballPlayer.png",
            "price": 95000,
            "description": "Hit them off the map"
        },
        {
            "name": "basketball",
            "displayName": "Basketball",
            "url": "/assets/images/basketballPlayer.png",
            "price": 95000,
            "description": "Shoot some coins into your shop"
        },
        {
            "name": "quarterback",
            "displayName": "Football",
            "url": "/assets/images/quarterbackPlayer.png",
            "price": 95000,
            "description": "Be strong"
        },
        {
            "name": "winter",
            "displayName": "Winter",
            "url": "/assets/images/winterPlayer.png",
            "price": 100000,
            "description": "I like it cold."
        },
        {
            "name": "painter",
            "displayName": "Painter",
            "url": "/assets/images/painterPlayer.png",
            "price": 100000,
            "description": "The power of paint"
        },
        {
            "name": "fall",
            "displayName": "Fall",
            "url": "/assets/images/fallPlayer.png",
            "price": 100000,
            "description": "I like it cool"
        },
        {
            "name": "formal",
            "displayName": "Formal",
            "url": "/assets/images/formalPlayer.png",
            "price": 115000,
            "description": "They'll never expect the gentleman"
        },
        {
            "name": "zombie",
            "displayName": "Zombie",
            "url": "/assets/images/zombiePlayer.png",
            "price": 120000,
            "description": "Eats the brains of enemies"
        },
        {
            "name": "donut",
            "displayName": "Donut",
            "url": "/assets/images/donutPlayer.png",
            "price": 120000,
            "description": "Become hyper for a kill spree..."
        },
        {
            "name": "burger",
            "displayName": "Burger",
            "url": "/assets/images/burgerPlayer.png",
            "price": 125000,
            "description": "As tasty as coins"
        },
        {
            "name": "panda",
            "displayName": "Panda",
            "url": "/assets/images/pandaPlayer.png",
            "price": 125000,
            "description": "It looks cuddly but watch out..."
        },
        {
            "name": "framework",
            "displayName": "Framework",
            "url": "/assets/images/frameworkPlayer.png",
            "price": 125000,
            "description": "Built like a rock..."
        },
        {
            "name": "blueberry",
            "displayName": "Blueberry",
            "url": "/assets/images/blueberryPlayer.png",
            "price": 130000,
            "description": "As juicy as coins"
        },
        {
            "name": "bishop",
            "displayName": "Chess Bishop",
            "url": "/assets/images/bishopPlayer.png",
            "price": 135000,
            "description": "Deliver the final checkmate to your opponent."
        },
        {
            "name": "covid",
            "displayName": "Covid",
            "url": "/assets/images/covidPlayer.png",
            "price": 140000,
            "description": "Increase your immunity"
        },
        {
            "name": "thief",
            "displayName": "Thief",
            "url": "/assets/images/thiefPlayer.png",
            "price": 145000,
            "description": "Steal coins from enemy"
        },
        {
            "name": "alarm",
            "displayName": "Alarm Clock",
            "url": "/assets/images/alarmPlayer.png",
            "price": 147500,
            "description": "Shak'em before they are ready"
        },
        {
            "name": "emerald",
            "displayName": "Emerald",
            "url": "/assets/images/emeraldPlayer.png",
            "price": 150000,
            "description": "Oooh shiny...."
        },
        {
            "name": "beach",
            "displayName": "Beach",
            "url": "/assets/images/beachPlayer.png",
            "price": 150000,
            "description": "Seems relaxing... but not for enemies"
        },
        {
            "name": "trippy",
            "displayName": "Trippy",
            "url": "/assets/images/trippyPlayer.png",
            "price": 155000,
            "description": "PRO TIP: Wear this skin and spin to give enemies headaches"
        },
        {
            "name": "sunset",
            "displayName": "Sunset",
            "url": "/assets/images/sunsetPlayer.png",
            "price": 160000,
            "description": "A beautiful sight"
        },
        {
            "name": "cell",
            "displayName": "Cell",
            "url": "/assets/images/cellularPlayer.png",
            "price": 165000,
            "description": "Have stronger cells to be stronger"
        },
        {
            "name": "compass",
            "displayName": "Compass",
            "url": "/assets/images/compassPlayer.png",
            "price": 167500,
            "description": "Points you towards coins"
        },
        {
            "name": "luminescent",
            "displayName": "Luminescent",
            "url": "/assets/images/luminescentPlayer.png",
            "price": 170000,
            "description": "Glow with coins"
        },
        {
            "name": "mage",
            "displayName": "Mage",
            "url": "/assets/images/magePlayer.png",
            "price": 172500,
            "description": "Cast a spell"
        },
        {
            "name": "lava",
            "displayName": "Lava",
            "url": "/assets/images/lavaPlayer.png",
            "price": 175000,
            "description": "Hot Hot Hot"
        },
        {
            "name": "unloaded",
            "displayName": "Unloaded",
            "url": "/assets/images/unloadedPlayer.png",
            "price": 180000,
            "description": "Error: Skin not loading, report to forum."
        },
        {
            "name": "music",
            "displayName": "Music",
            "url": "/assets/images/musicPlayer.png",
            "price": 180000,
            "description": "Lure your opponents to death..."
        },
        {
            "name": "hotmetal",
            "displayName": "Hotmetal",
            "url": "/assets/images/hotmetalPlayer.png",
            "price": 185000,
            "description": "Bring on the heat"
        },
        {
            "name": "ice",
            "displayName": "Ice",
            "url": "/assets/images/icePlayer.png",
            "price": 185000,
            "description": "Bring on the cold"
        },
        {
            "name": "faded",
            "displayName": "Faded",
            "url": "/assets/images/fadedPlayer.png",
            "price": 190000,
            "description": "Fade enemies out of existence"
        },
        {
            "name": "thanksgiving",
            "displayName": "Thanksgiving",
            "url": "/assets/images/thanksgivingPlayer.png",
            "price": 195000,
            "description": "Say thanks for your coins"
        },
        {
            "name": "magician",
            "displayName": "Magician",
            "url": "/assets/images/magicianPlayer.png",
            "price": 195000,
            "description": "Vanish enemies"
        },
        {
            "name": "cyborg",
            "displayName": "Cyborg",
            "url": "/assets/images/cyborgPlayer.png",
            "price": 200000,
            "description": "AI-Assisted Stabbing"
        },
        {
            "name": "mummy",
            "displayName": "Mummy",
            "url": "/assets/images/mummyPlayer.png",
            "price": 200000,
            "description": "Back from the dead!"
        },
        {
            "name": "toilet",
            "displayName": "Toilet",
            "url": "/assets/images/toiletPlayer.png",
            "price": 205000,
            "description": "Release the explosives..."
        },
        {
            "name": "vaporwave",
            "displayName": "Vaporwave",
            "url": "/assets/images/vaporwavePlayer.png",
            "price": 210000,
            "description": "Vaporwave is back"
        },
        {
            "name": "chainmail",
            "displayName": "Chainmail",
            "url": "/assets/images/chainmailPlayer.png",
            "price": 220000,
            "description": "Have some armor"
        },
        {
            "name": "glowing",
            "displayName": "Glowing",
            "url": "/assets/images/glowingPlayer.png",
            "price": 225000,
            "description": "Blind them with your radiance..."
        },
        {
            "name": "scorpion",
            "displayName": "Scorpion",
            "url": "/assets/images/scorpionPlayer.png",
            "price": 250000,
            "description": "Poisoned wounds are the worst..."
        },
        {
            "name": "illusionary",
            "displayName": "Illusionary",
            "url": "/assets/images/illusionaryPlayer.png",
            "price": 275000,
            "description": "So colorful..."
        },
        {
            "name": "bird",
            "displayName": "Eagle",
            "url": "/assets/images/birdPlayer.png",
            "price": 300000,
            "description": "Watch out for the talons..."
        },
        {
            "name": "bottlecap",
            "displayName": "Bottle Cap",
            "url": "/assets/images/bottlecapPlayer.png",
            "price": 305000,
            "description": "A boost of energy"
        },
        {
            "name": "galaxy",
            "displayName": "Galaxy",
            "url": "/assets/images/galaxyPlayer.png",
            "price": 310000,
            "description": "Rule the cosmos"
        },
        {
            "name": "pirate",
            "displayName": "Pirate",
            "url": "/assets/images/piratePlayer.png",
            "price": 325000,
            "description": "Fearsome"
        },
        {
            "name": "neumorphism",
            "displayName": "Neumorphism",
            "url": "/assets/images/neumorphismPlayer.png",
            "price": 350000,
            "description": "Its neumorphic"
        },
        {
            "name": "incendiary",
            "displayName": "Incendiary",
            "url": "/assets/images/incendiaryPlayer.png",
            "price": 360000,
            "description": "Melt your gold"
        },
        {
            "name": "snake",
            "displayName": "Snake",
            "url": "/assets/images/snakePlayer.png",
            "price": 370000,
            "description": "Coil around coins"
        },
        {
            "name": "eclipse",
            "displayName": "Eclipse",
            "url": "/assets/images/eclipsePlayer.png",
            "price": 375000,
            "description": "Make other players be in YOUR shadow"
        },
        {
            "name": "devex",
            "displayName": "Dev3x",
            "url": "/assets/images/devexPlayer.png",
            "price": 400000,
            "description": "3x the power!"
        },
        {
            "name": "apocalypse",
            "displayName": "Apocalypse",
            "url": "/assets/images/apocalypsePlayer.png",
            "price": 410000,
            "description": "End the world"
        },
        {
            "name": "onion",
            "displayName": "Onion",
            "url": "/assets/images/onionPlayer.png",
            "price": 425000,
            "description": "Help! My eyes are watering!"
        },
        {
            "name": "pie",
            "displayName": "Pie",
            "url": "/assets/images/piePlayer.png",
            "price": 450000,
            "description": "A snack before destruction"
        },
      {
                    "name": "octopus",
            "displayName": "The Octopus",
            "url": "/assets/images/octopusPlayer.png",
            "price": 400800,
            "description": "Drag them away"
      },
        {
            "name": "camera",
            "displayName": "Camera",
            "url": "/assets/images/cameraPlayer.png",
            "price": 475000,
            "description": "A photo with your friends"
        },
        {
            "name": "angel",
            "displayName": "ANGEL",
            "url": "/assets/images/angelPlayer.png",
            "price": 500000,
            "description": "The best at PVP. Ever."
        },
        {
            "name": "scuba",
            "displayName": "Scuba",
            "url": "/assets/images/scubaPlayer.png",
            "price": 600000,
            "description": "Go deep for coins"
        },
        {
            "name": "fish",
            "displayName": "Fish",
            "url": "/assets/images/fishPlayer.png",
            "price": 600000,
            "description": "C'est un poisson!"
        },
        {
            "name": "shuriken",
            "displayName": "Shuriken",
            "url": "/assets/images/shurikenPlayer.png",
            "price": 650000,
            "description": "More than one edge"
        },
        {
            "name": "glitch",
            "displayName": "Glitch",
            "url": "/assets/images/glitchPlayer.png",
            "price": 750000,
            "description": "Glitch them out of existence"
        },
        {
            "name": "patchwork",
            "displayName": "Patchwork",
            "url": "/assets/images/patchworkPlayer.png",
            "price": 750000,
            "description": "Its only being held together by some glitch..."
        },{
            "name": "virus",
            "displayName": "Virus",
            "url": "/assets/images/virusPlayer.png",
            "price": 750000,
            "description": "Infect them all"
        },
        {
            "name": "arachne",
            "displayName": "Arachne",
            "url": "/assets/images/arachnePlayer.png",
            "price": 775000,
            "description": "Crawl all over the coins"
        },
        {
            "name": "ice cream",
            "displayName": "Ice Cream",
            "url": "/assets/images/icecreamPlayer.png",
            "price": 800000,
            "description": "I scream, you scream, your enemies scream"
        },
        {
            "name": "shark",
            "displayName": "Sharky",
            "url": "/assets/images/sharkPlayer.png",
            "price": 801000,
            "description": "You never know what will hide in the deep ocean"
        },
        {
            "name": "elements",
            "displayName": "Elements",
            "url": "/assets/images/elementsPlayer.png",
            "price": 900000,
            "description": "Be a swordbender... Make it your own element"
        },
        {
            "name": "devil",
            "displayName": "Devil",
            "url": "/assets/images/devilPlayer.png",
            "price": 1000000,
            "description": "Now this will scare everyone!"
        },
        {
            "name": "demon",
            "displayName": "Demon",
            "url": "/assets/images/demonPlayer.png",
            "price": 1000000,
            "description": "Brother of the devil"
        },
        {
            "name": "mossmech",
            "displayName": "Moss Mech",
            "url": "/assets/images/mossmechPlayer.png",
            "price": 1000001,
            "description": "Rise from the wild and DOMINATE!"
        },
        {
            "name": "explosion",
            "displayName": "Explosion",
            "url": "/assets/images/explosionPlayer.png",
            "price": 1150000,
            "description": "I hope they're not nukes.."
        },
        {
            "name": "honeycomb",
            "displayName": "Honeycomb",
            "url": "/assets/images/honeycombPlayer.png",
            "price": 1250000,
            "description": "Very sweet!"
        },
        {
            "name": "storm",
            "displayName": "Storm",
            "url": "/assets/images/stormPlayer.png",
            "price": 1250000,
            "description": "A storm is brewing"
        },
        {
            "name": "cookie",
            "displayName": "Cookie",
            "url": "/assets/images/cookiePlayer.png",
            "price": 1500000,
            "description": "Scrumptious!"
        },
        {
            "name": "computer",
            "displayName": "Computer",
            "url": "/assets/images/computerPlayer.png",
            "price": 1600000,
            "description": "Play swordbattle on swordbattle"
        },
        {
            "name": "skull",
            "displayName": "Skull",
            "url": "/assets/images/skullPlayer.png",
            "price": 1750000,
            "description": "Scary"
        },
        {
            "name": "mitblade",
            "displayName": "MitBald",
            "url": "/assets/images/mitbladePlayer.png",
            "price": 2000000,
            "description": "\"Buy channel membership only $3!!!!\""
        },
        {
            "name": "cylinder",
            "displayName": "Cylinder",
            "url": "/assets/images/cylinderPlayer.png",
            "price": 2000001,
            "description": "Its 3D. Its just better like that."
        },
        {
            "name": "solarsystem",
            "displayName": "Solar Sytem",
            "url": "/assets/images/solarsystemPlayer.png",
            "price": 2250000,
            "description": "PLUTO"
        },
        {
            "name": "microwave",
            "displayName": "Microwave",
            "url": "/assets/images/microwavePlayer.png",
            "price": 2500000,
            "description": "The microwave will burn you to ashes..."
        },
        {
            "name": "soundwave",
            "displayName": "Soundwave",
            "url": "/assets/images/soundwavePlayer.png",
            "price": 2750000,
            "description": "BOOM!!!"
        },
        {
            "name": "predator",
            "displayName": "predator",
            "url": "/assets/images/predatorPlayer.png",
            "price": 3000000,
            "description": "Hunt them down..."
        },
        {
            "name": "mercenary",
            "displayName": "Mercenary",
            "url": "/assets/images/mercenaryPlayer.png",
            "price": 3250000,
            "description": "Hunt down predators"
        },
        {
            "name": "biker",
            "displayName": "Biker",
            "url": "/assets/images/bikerPlayer.png",
            "price": 3500000,
            "description": "Training to be assassin"
        },
        {
            "name": "reaper",
            "displayName": "Reaper",
            "url": "/assets/images/reaperPlayer.png",
            "price": 4000000,
            "description": "Scary... watch out"
        },

        {
            "name": "laserfoil",
            "displayName": "Laserfoil",
            "url": "/assets/images/laserfoilPlayer.png",
            "price": 4500000,
            "desctiption": "Cut them down."
        },
        {
            "name": "scythe",
            "displayName": "Scythe",
            "url": "/assets/images/scythePlayer.png",
            "price": 5000000,
            "description": "I'm coming for you!"
        },
        {
            "name": "supremeneon",
            "displayName": "Supreme Neon",
            "url": "/assets/images/supremeneonPlayer.png",
            "price": 6000000,
            "description": "Neon but better"
        },
        {
            "name": "shadow",
            "displayName": "Shadow",
            "url": "/assets/images/shadowPlayer.png",
            "price": 6500000,
            "description": "Fight with a legendary Shadowblade"
        },
        {
            "name": "bush",
            "displayName": "Bush",
            "url": "/assets/images/bushPlayer.png",
            "price": 7500000,
            "description": "The ultimate camouflage."
        },
        {
            "name": "codergautamyt",
            "displayName": "Coder Gautam YT",
            "url": "/assets/images/codergautamytPlayer.png",
            "price": 10000000,
            "description": "The creator of swordbattle.."
        },
        {
            "name": "assasin",
            "displayName": "Assassin",
            "url": "/assets/images/assasinPlayer.png",
            "price": 20000000,
            "description": "You don't stand a chance-"
        },
        {
            "name": "anniversary",
            "displayName": "Anniversary",
            "url": "/assets/images/anniversaryPlayer.png",
            "price": 36500000,
            "description": "Celebrate the 1 year anniversary of the game!"
        },
        {
            "name": "dragon",
            "displayName": "Dragon",
            "url": "/assets/images/dragonPlayer.png",
            "price": 50000000,
            "description": "The king of the skies... and swords."
        }
    ]
}
